Workbook

Sheet 🏠 Hjem
A1: HJEMMEPLAN PRO 1.0
A3: Bemanning | C3: Kompetanse | E3: Belastning | G3: Avvik
A4: 98% | C4: 100% | E4: 83% | G4: 2
A13: 🚗 Ruter | C13: ⚠ Risiko | E13: 📄 Rapporter | G13: 🤖 Turnusgenerator

Sheet 👥 Ansatte
A1: 👥 Ansatte
A3: Navn | B3: Rolle | C3: Stilling% | D3: Sone | E3: IV | F3: Pall | G3: Sår | H3: Demens | I3: HLR | J3: Timer | K3: Helger | L3: Ønske

Sheet 🏥 Pasienter
A1: 🏥 Pasienter
A3: Alias | B3: Sone | C3: Pleietyngde | D3: Primærkontakt | E3: Dobbelbem. | F3: Kommentar

Sheet 📅 Turnus
A1: 📅 Turnus
A3: Dato | B3: Dag | C3: Dag | D3: Kveld | E3: Natt | F3: Ansv SPL | G3: Belastning | H3: Status | I3: Forslag
G4: =SUM('🏥 Pasienter'!C4:C103) | H4: =IF(AND(F4<>"",G4<=30),"🟢 OK","🔴 SJEKK") | I4: =IF(H4="🔴 SJEKK","Kontroller kompetanse/belastning","")
G5: =SUM('🏥 Pasienter'!C4:C103) | H5: =IF(AND(F5<>"",G5<=30),"🟢 OK","🔴 SJEKK") | I5: =IF(H5="🔴 SJEKK","Kontroller kompetanse/belastning","")
G6: =SUM('🏥 Pasienter'!C4:C103) | H6: =IF(AND(F6<>"",G6<=30),"🟢 OK","🔴 SJEKK") | I6: =IF(H6="🔴 SJEKK","Kontroller kompetanse/belastning","")
G7: =SUM('🏥 Pasienter'!C4:C103) | H7: =IF(AND(F7<>"",G7<=30),"🟢 OK","🔴 SJEKK") | I7: =IF(H7="🔴 SJEKK","Kontroller kompetanse/belastning","")
G8: =SUM('🏥 Pasienter'!C4:C103) | H8: =IF(AND(F8<>"",G8<=30),"🟢 OK","🔴 SJEKK") | I8: =IF(H8="🔴 SJEKK","Kontroller kompetanse/belastning","")
G9: =SUM('🏥 Pasienter'!C4:C103) | H9: =IF(AND(F9<>"",G9<=30),"🟢 OK","🔴 SJEKK") | I9: =IF(H9="🔴 SJEKK","Kontroller kompetanse/belastning","")
G10: =SUM('🏥 Pasienter'!C4:C103) | H10: =IF(AND(F10<>"",G10<=30),"🟢 OK","🔴 SJEKK") | I10: =IF(H10="🔴 SJEKK","Kontroller kompetanse/belastning","")
G11: =SUM('🏥 Pasienter'!C4:C103) | H11: =IF(AND(F11<>"",G11<=30),"🟢 OK","🔴 SJEKK") | I11: =IF(H11="🔴 SJEKK","Kontroller kompetanse/belastning","")
G12: =SUM('🏥 Pasienter'!C4:C103) | H12: =IF(AND(F12<>"",G12<=30),"🟢 OK","🔴 SJEKK") | I12: =IF(H12="🔴 SJEKK","Kontroller kompetanse/belastning","")
G13: =SUM('🏥 Pasienter'!C4:C103) | H13: =IF(AND(F13<>"",G13<=30),"🟢 OK","🔴 SJEKK") | I13: =IF(H13="🔴 SJEKK","Kontroller kompetanse/belastning","")
G14: =SUM('🏥 Pasienter'!C4:C103) | H14: =IF(AND(F14<>"",G14<=30),"🟢 OK","🔴 SJEKK") | I14: =IF(H14="🔴 SJEKK","Kontroller kompetanse/belastning","")
G15: =SUM('🏥 Pasienter'!C4:C103) | H15: =IF(AND(F15<>"",G15<=30),"🟢 OK","🔴 SJEKK") | I15: =IF(H15="🔴 SJEKK","Kontroller kompetanse/belastning","")
G16: =SUM('🏥 Pasienter'!C4:C103) | H16: =IF(AND(F16<>"",G16<=30),"🟢 OK","🔴 SJEKK") | I16: =IF(H16="🔴 SJEKK","Kontroller kompetanse/belastning","")
G17: =SUM('🏥 Pasienter'!C4:C103) | H17: =IF(AND(F17<>"",G17<=30),"🟢 OK","🔴 SJEKK") | I17: =IF(H17="🔴 SJEKK","Kontroller kompetanse/belastning","")
G18: =SUM('🏥 Pasienter'!C4:C103) | H18: =IF(AND(F18<>"",G18<=30),"🟢 OK","🔴 SJEKK") | I18: =IF(H18="🔴 SJEKK","Kontroller kompetanse/belastning","")
G19: =SUM('🏥 Pasienter'!C4:C103) | H19: =IF(AND(F19<>"",G19<=30),"🟢 OK","🔴 SJEKK") | I19: =IF(H19="🔴 SJEKK","Kontroller kompetanse/belastning","")
G20: =SUM('🏥 Pasienter'!C4:C103) | H20: =IF(AND(F20<>"",G20<=30),"🟢 OK","🔴 SJEKK") | I20: =IF(H20="🔴 SJEKK","Kontroller kompetanse/belastning","")
G21: =SUM('🏥 Pasienter'!C4:C103) | H21: =IF(AND(F21<>"",G21<=30),"🟢 OK","🔴 SJEKK") | I21: =IF(H21="🔴 SJEKK","Kontroller kompetanse/belastning","")
G22: =SUM('🏥 Pasienter'!C4:C103) | H22: =IF(AND(F22<>"",G22<=30),"🟢 OK","🔴 SJEKK") | I22: =IF(H22="🔴 SJEKK","Kontroller kompetanse/belastning","")
G23: =SUM('🏥 Pasienter'!C4:C103) | H23: =IF(AND(F23<>"",G23<=30),"🟢 OK","🔴 SJEKK") | I23: =IF(H23="🔴 SJEKK","Kontroller kompetanse/belastning","")
G24: =SUM('🏥 Pasienter'!C4:C103) | H24: =IF(AND(F24<>"",G24<=30),"🟢 OK","🔴 SJEKK") | I24: =IF(H24="🔴 SJEKK","Kontroller kompetanse/belastning","")
G25: =SUM('🏥 Pasienter'!C4:C103) | H25: =IF(AND(F25<>"",G25<=30),"🟢 OK","🔴 SJEKK") | I25: =IF(H25="🔴 SJEKK","Kontroller kompetanse/belastning","")
G26: =SUM('🏥 Pasienter'!C4:C103) | H26: =IF(AND(F26<>"",G26<=30),"🟢 OK","🔴 SJEKK") | I26: =IF(H26="🔴 SJEKK","Kontroller kompetanse/belastning","")
G27: =SUM('🏥 Pasienter'!C4:C103) | H27: =IF(AND(F27<>"",G27<=30),"🟢 OK","🔴 SJEKK") | I27: =IF(H27="🔴 SJEKK","Kontroller kompetanse/belastning","")
G28: =SUM('🏥 Pasienter'!C4:C103) | H28: =IF(AND(F28<>"",G28<=30),"🟢 OK","🔴 SJEKK") | I28: =IF(H28="🔴 SJEKK","Kontroller kompetanse/belastning","")
G29: =SUM('🏥 Pasienter'!C4:C103) | H29: =IF(AND(F29<>"",G29<=30),"🟢 OK","🔴 SJEKK") | I29: =IF(H29="🔴 SJEKK","Kontroller kompetanse/belastning","")
G30: =SUM('🏥 Pasienter'!C4:C103) | H30: =IF(AND(F30<>"",G30<=30),"🟢 OK","🔴 SJEKK") | I30: =IF(H30="🔴 SJEKK","Kontroller kompetanse/belastning","")
G31: =SUM('🏥 Pasienter'!C4:C103) | H31: =IF(AND(F31<>"",G31<=30),"🟢 OK","🔴 SJEKK") | I31: =IF(H31="🔴 SJEKK","Kontroller kompetanse/belastning","")
G32: =SUM('🏥 Pasienter'!C4:C103) | H32: =IF(AND(F32<>"",G32<=30),"🟢 OK","🔴 SJEKK") | I32: =IF(H32="🔴 SJEKK","Kontroller kompetanse/belastning","")
G33: =SUM('🏥 Pasienter'!C4:C103) | H33: =IF(AND(F33<>"",G33<=30),"🟢 OK","🔴 SJEKK") | I33: =IF(H33="🔴 SJEKK","Kontroller kompetanse/belastning","")
G34: =SUM('🏥 Pasienter'!C4:C103) | H34: =IF(AND(F34<>"",G34<=30),"🟢 OK","🔴 SJEKK") | I34: =IF(H34="🔴 SJEKK","Kontroller kompetanse/belastning","")

Sheet 📊 Dashboard
A1: 📊 Dashboard
A3: KPI | B3: Verdi
A4: OK-vakter | B4: =COUNTIF('📅 Turnus'!H4:H34,"🟢 OK")
A5: Konflikter | B5: =COUNTIF('📅 Turnus'!H4:H34,"🔴 SJEKK")
A6: Ansatte | B6: =COUNTA('👥 Ansatte'!A4:A300)
A7: Pasienter | B7: =COUNTA('🏥 Pasienter'!A4:A300)

Sheet ⚠ Risiko
A1: ⚠ Risiko
A3: Kontroll | B3: Status | C3: Tiltak

Sheet 🚗 Ruter
A1: 🚗 Ruter
A3: Ansatt | B3: Sone | C3: Pasienter | D3: Kjøretid | E3: Besøkstid | F3: Total

Sheet 📄 Rapporter
A1: 📄 Rapporter
A3: Rapport | B3: Status

Sheet 🤖 Turnusgenerator
A1: 🤖 Turnusgenerator
A3: Regel | B3: Verdi
A4: Min SPL dag | B4: 2 | D4: 🚀 FREMTIDIG KNAPP
A5: Min SPL kveld | B5: 1 | D5: GENERER TURNUS
A6: Min SPL natt | B6: 1
A7: Maks belastning | B7: 30
A8: Hviletid | B8: 11
A9: Prioriter kontinuitet | B9: Ja
A10: Minimer overtid | B10: Ja
A11: Lik helgebelastning | B11: Ja

Sheet ❤️ Kontinuitet
A1: ❤️ Kontinuitet
A3: Pasient | B3: Primærkontakt | C3: Bytter | D3: Status

Sheet 📚 Kompetanse
A1: 📚 Kompetanse
A3: Kompetanse | B3: Antall | C3: Manglende

Sheet 🏖️ Ferie
A1: 🏖️ Ferie
A3: Ansatt | B3: Fra | C3: Til | D3: Godkjent

Sheet 🤒 Fravær
A1: 🤒 Fravær
A3: Ansatt | B3: Dato | C3: Årsak | D3: Erstattet av

Sheet 💰 Kostnader
A1: 💰 Kostnader
A3: Måned | B3: Lønn | C3: Overtid | D3: Vikar

Sheet 📈 Analyse
A1: 📈 Analyse
A3: Måling | B3: Verdi
